trial_index,start_x,start_y,target_x,target_y
0,400,750,400,50
1,400,750,400,50
2,400,750,400,50
3,400,750,400,50
4,400,750,400,50
5,400,750,400,50
6,400,750,400,50
7,400,750,400,50
8,400,750,400,50
9,400,750,400,50
10,400,750,400,50
11,400,750,400,50
12,400,750,400,50
13,400,750,400,50
14,400,750,400,50
15,400,750,400,50
16,400,750,400,50
17,400,750,400,50
18,400,750,400,50
19,400,750,400,50
20,400,750,400,50
21,400,750,400,50
22,400,750,400,50
23,400,750,400,50
24,400,750,400,50
25,400,750,400,50
26,400,750,400,50
27,400,750,400,50
28,400,750,400,50
29,400,750,400,50
30,400,750,400,50
31,400,750,400,50
32,400,750,400,50
33,400,750,400,50
34,400,750,400,50
35,400,750,400,50
36,400,750,400,50
37,400,750,400,50
38,400,750,400,50
39,400,750,400,50
40,400,750,400,50
41,400,750,400,50
42,400,750,400,50
43,400,750,400,50
44,400,750,400,50
45,400,750,400,50
46,400,750,400,50
47,400,750,400,50
48,400,750,400,50
49,400,750,400,50
50,400,750,400,50
51,400,750,400,50
52,400,750,400,50
53,400,750,400,50
54,400,750,400,50
55,400,750,400,50
56,400,750,400,50
57,400,750,400,50
58,400,750,400,50
59,400,750,400,50
60,400,750,400,50
61,400,750,400,50
62,400,750,400,50
63,400,750,400,50
64,400,750,400,50
65,400,750,400,50
66,400,750,400,50
67,400,750,400,50
68,400,750,400,50
69,400,750,400,50
70,400,750,400,50
71,400,750,400,50
72,400,750,400,50
73,400,750,400,50
74,400,750,400,50
75,400,750,400,50
76,400,750,400,50
77,400,750,400,50
78,400,750,400,50
79,400,750,400,50
80,400,750,400,50
81,400,750,400,50
82,400,750,400,50
83,400,750,400,50
84,400,750,400,50
85,400,750,400,50
86,400,750,400,50
87,400,750,400,50
88,400,750,400,50
89,400,750,400,50
90,400,750,400,50
91,400,750,400,50
92,400,750,400,50
93,400,750,400,50
94,400,750,400,50
95,400,750,400,50
96,400,750,400,50
97,400,750,400,50
98,400,750,400,50
99,400,750,400,50
100,400,750,400,50
101,400,750,400,50
102,400,750,400,50
103,400,750,400,50
104,400,750,400,50
105,400,750,400,50
106,400,750,400,50
107,400,750,400,50
108,400,750,400,50
109,400,750,400,50
110,400,750,400,50
111,400,750,400,50
112,400,750,400,50
113,400,750,400,50
114,400,750,400,50
115,400,750,400,50
116,400,750,400,50
117,400,750,400,50
118,400,750,400,50
119,400,750,400,50
120,400,750,400,50
121,400,750,400,50
122,400,750,400,50
123,400,750,400,50
124,400,750,400,50
125,400,750,400,50
126,400,750,400,50
127,400,750,400,50
128,400,750,400,50
129,400,750,400,50
130,400,750,400,50
131,400,750,400,50
132,400,750,400,50
133,400,750,400,50
134,400,750,400,50
135,400,750,400,50
136,400,750,400,50
137,400,750,400,50
138,400,750,400,50
139,400,750,400,50
140,400,750,400,50
141,400,750,400,50
142,400,750,400,50
143,400,750,400,50
144,400,750,400,50
145,400,750,400,50
146,400,750,400,50
147,400,750,400,50
148,400,750,400,50
149,400,750,400,50
150,400,750,400,50
151,400,750,400,50
152,400,750,400,50
153,400,750,400,50
154,400,750,400,50
155,400,750,400,50
156,400,750,400,50
157,400,750,400,50
158,400,750,400,50
159,400,750,400,50
160,400,750,400,50
161,400,750,400,50
162,400,750,400,50
163,400,750,400,50
164,400,750,400,50
165,400,750,400,50
166,400,750,400,50
167,400,750,400,50
168,400,750,400,50
169,400,750,400,50
170,400,750,400,50
171,400,750,400,50
172,400,750,400,50
173,400,750,400,50
174,400,750,400,50
175,400,750,400,50
176,400,750,400,50
177,400,750,400,50
178,400,750,400,50
179,400,750,400,50
180,400,750,400,50
181,400,750,400,50
182,400,750,400,50
183,400,750,400,50
184,400,750,400,50
185,400,750,400,50
186,400,750,400,50
187,400,750,400,50
188,400,750,400,50
189,400,750,400,50
190,400,750,400,50
191,400,750,400,50
192,400,750,400,50
193,400,750,400,50
194,400,750,400,50
195,400,750,400,50
196,400,750,400,50
197,400,750,400,50
198,400,750,400,50
199,400,750,400,50
200,400,750,400,50
201,400,750,400,50
202,400,750,400,50
203,400,750,400,50
204,400,750,400,50
205,400,750,400,50
206,400,750,400,50
207,400,750,400,50
208,400,750,400,50
209,400,750,400,50
210,400,750,400,50
211,400,750,400,50
212,400,750,400,50
213,400,750,400,50
214,400,750,400,50
215,400,750,400,50
216,400,750,400,50
217,400,750,400,50
218,400,750,400,50
219,400,750,400,50
220,400,750,400,50
221,400,750,400,50
222,400,750,400,50
223,400,750,400,50
224,400,750,400,50
225,400,750,400,50
226,400,750,400,50
227,400,750,400,50
228,400,750,400,50
229,400,750,400,50
230,400,750,400,50
231,400,750,400,50
232,400,750,400,50
233,400,750,400,50
234,400,750,400,50
235,400,750,400,50
236,400,750,400,50
237,400,750,400,50
238,400,750,400,50
239,400,750,400,50
240,400,750,400,50
241,400,750,400,50
242,400,750,400,50
243,400,750,400,50
244,400,750,400,50
245,400,750,400,50
246,400,750,400,50
247,400,750,400,50
248,400,750,400,50
249,400,750,400,50
250,400,750,400,50
251,400,750,400,50
252,400,750,400,50
253,400,750,400,50
254,400,750,400,50
255,400,750,400,50
256,400,750,400,50
257,400,750,400,50
258,400,750,400,50
259,400,750,400,50
260,400,750,400,50
261,400,750,400,50
262,400,750,400,50
263,400,750,400,50
264,400,750,400,50
265,400,750,400,50
266,400,750,400,50
267,400,750,400,50
268,400,750,400,50
269,400,750,400,50
270,400,750,400,50
271,400,750,400,50
272,400,750,400,50
273,400,750,400,50
274,400,750,400,50
275,400,750,400,50
276,400,750,400,50
277,400,750,400,50
278,400,750,400,50
279,400,750,400,50
280,400,750,400,50
281,400,750,400,50
282,400,750,400,50
283,400,750,400,50
284,400,750,400,50
285,400,750,400,50
286,400,750,400,50
287,400,750,400,50
288,400,750,400,50
289,400,750,400,50
290,400,750,400,50
291,400,750,400,50
292,400,750,400,50
293,400,750,400,50
294,400,750,400,50
295,400,750,400,50
296,400,750,400,50
297,400,750,400,50
298,400,750,400,50
299,400,750,400,50
300,400,750,400,50
301,400,750,400,50
302,400,750,400,50
303,400,750,400,50
304,400,750,400,50
305,400,750,400,50
306,400,750,400,50
307,400,750,400,50
308,400,750,400,50
309,400,750,400,50
310,400,750,400,50
311,400,750,400,50
312,400,750,400,50
313,400,750,400,50
314,400,750,400,50
315,400,750,400,50
316,400,750,400,50
317,400,750,400,50
318,400,750,400,50
319,400,750,400,50
320,400,750,400,50
321,400,750,400,50
322,400,750,400,50
323,400,750,400,50
324,400,750,400,50
325,400,750,400,50
326,400,750,400,50
327,400,750,400,50
328,400,750,400,50
329,400,750,400,50
330,400,750,400,50
331,400,750,400,50
332,400,750,400,50
333,400,750,400,50
334,400,750,400,50
335,400,750,400,50
336,400,750,400,50
337,400,750,400,50
338,400,750,400,50
339,400,750,400,50
340,400,750,400,50
341,400,750,400,50
342,400,750,400,50
343,400,750,400,50
344,400,750,400,50
345,400,750,400,50
346,400,750,400,50
347,400,750,400,50
348,400,750,400,50
349,400,750,400,50
350,400,750,400,50
351,400,750,400,50
352,400,750,400,50
353,400,750,400,50
354,400,750,400,50
355,400,750,400,50
356,400,750,400,50
357,400,750,400,50
358,400,750,400,50
359,400,750,400,50
360,400,750,400,50
361,400,750,400,50
362,400,750,400,50
363,400,750,400,50
364,400,750,400,50
365,400,750,400,50
366,400,750,400,50
367,400,750,400,50
368,400,750,400,50
369,400,750,400,50
370,400,750,400,50
371,400,750,400,50
372,400,750,400,50
373,400,750,400,50
374,400,750,400,50
375,750,400,50,400
376,750,400,50,400
377,750,400,50,400
378,750,400,50,400
379,750,400,50,400
380,750,400,50,400
381,750,400,50,400
382,750,400,50,400
383,750,400,50,400
384,750,400,50,400
385,750,400,50,400
386,750,400,50,400
387,750,400,50,400
388,750,400,50,400
389,750,400,50,400
390,750,400,50,400
391,750,400,50,400
392,750,400,50,400
393,750,400,50,400
394,750,400,50,400
395,750,400,50,400
396,750,400,50,400
397,750,400,50,400
398,750,400,50,400
399,750,400,50,400
400,750,400,50,400
401,750,400,50,400
402,750,400,50,400
403,750,400,50,400
404,750,400,50,400
405,750,400,50,400
406,750,400,50,400
407,750,400,50,400
408,750,400,50,400
409,750,400,50,400
410,750,400,50,400
411,750,400,50,400
412,750,400,50,400
413,750,400,50,400
414,750,400,50,400
415,750,400,50,400
416,750,400,50,400
417,750,400,50,400
418,750,400,50,400
419,750,400,50,400
420,750,400,50,400
421,750,400,50,400
422,750,400,50,400
423,750,400,50,400
424,750,400,50,400
425,750,400,50,400
426,750,400,50,400
427,750,400,50,400
428,750,400,50,400
429,750,400,50,400
430,750,400,50,400
431,750,400,50,400
432,750,400,50,400
433,750,400,50,400
434,750,400,50,400
435,750,400,50,400
436,750,400,50,400
437,750,400,50,400
438,750,400,50,400
439,750,400,50,400
440,750,400,50,400
441,750,400,50,400
442,750,400,50,400
443,750,400,50,400
444,750,400,50,400
445,750,400,50,400
446,750,400,50,400
447,750,400,50,400
448,750,400,50,400
449,750,400,50,400
450,750,400,50,400
451,750,400,50,400
452,750,400,50,400
453,750,400,50,400
454,750,400,50,400
455,750,400,50,400
456,750,400,50,400
457,750,400,50,400
458,750,400,50,400
459,750,400,50,400
460,750,400,50,400
461,750,400,50,400
462,750,400,50,400
463,750,400,50,400
464,750,400,50,400
465,750,400,50,400
466,750,400,50,400
467,750,400,50,400
468,750,400,50,400
469,750,400,50,400
470,750,400,50,400
471,750,400,50,400
472,750,400,50,400
473,750,400,50,400
474,750,400,50,400
475,750,400,50,400
476,750,400,50,400
477,750,400,50,400
478,750,400,50,400
479,750,400,50,400
480,750,400,50,400
481,750,400,50,400
482,750,400,50,400
483,750,400,50,400
484,750,400,50,400
485,750,400,50,400
486,750,400,50,400
487,750,400,50,400
488,750,400,50,400
489,750,400,50,400
490,750,400,50,400
491,750,400,50,400
492,750,400,50,400
493,750,400,50,400
494,750,400,50,400
495,750,400,50,400
496,750,400,50,400
497,750,400,50,400
498,750,400,50,400
499,750,400,50,400
500,750,400,50,400
501,750,400,50,400
502,750,400,50,400
503,750,400,50,400
504,750,400,50,400
505,750,400,50,400
506,750,400,50,400
507,750,400,50,400
508,750,400,50,400
509,750,400,50,400
510,750,400,50,400
511,750,400,50,400
512,750,400,50,400
513,750,400,50,400
514,750,400,50,400
515,750,400,50,400
516,750,400,50,400
517,750,400,50,400
518,750,400,50,400
519,750,400,50,400
520,750,400,50,400
521,750,400,50,400
522,750,400,50,400
523,750,400,50,400
524,750,400,50,400
525,750,400,50,400
526,750,400,50,400
527,750,400,50,400
528,750,400,50,400
529,750,400,50,400
530,750,400,50,400
531,750,400,50,400
532,750,400,50,400
533,750,400,50,400
534,750,400,50,400
535,750,400,50,400
536,750,400,50,400
537,750,400,50,400
538,750,400,50,400
539,750,400,50,400
540,750,400,50,400
541,750,400,50,400
542,750,400,50,400
543,750,400,50,400
544,750,400,50,400
545,750,400,50,400
546,750,400,50,400
547,750,400,50,400
548,750,400,50,400
549,750,400,50,400
550,750,400,50,400
551,750,400,50,400
552,750,400,50,400
553,750,400,50,400
554,750,400,50,400
555,750,400,50,400
556,750,400,50,400
557,750,400,50,400
558,750,400,50,400
559,750,400,50,400
560,750,400,50,400
561,750,400,50,400
562,750,400,50,400
563,750,400,50,400
564,750,400,50,400
565,750,400,50,400
566,750,400,50,400
567,750,400,50,400
568,750,400,50,400
569,750,400,50,400
570,750,400,50,400
571,750,400,50,400
572,750,400,50,400
573,750,400,50,400
574,750,400,50,400
575,750,400,50,400
576,750,400,50,400
577,750,400,50,400
578,750,400,50,400
579,750,400,50,400
580,750,400,50,400
581,750,400,50,400
582,750,400,50,400
583,750,400,50,400
584,750,400,50,400
585,750,400,50,400
586,750,400,50,400
587,750,400,50,400
588,750,400,50,400
589,750,400,50,400
590,750,400,50,400
591,750,400,50,400
592,750,400,50,400
593,750,400,50,400
594,750,400,50,400
595,750,400,50,400
596,750,400,50,400
597,750,400,50,400
598,750,400,50,400
599,750,400,50,400
600,750,400,50,400
601,750,400,50,400
602,750,400,50,400
603,750,400,50,400
604,750,400,50,400
605,750,400,50,400
606,750,400,50,400
607,750,400,50,400
608,750,400,50,400
609,750,400,50,400
610,750,400,50,400
611,750,400,50,400
612,750,400,50,400
613,750,400,50,400
614,750,400,50,400
615,750,400,50,400
616,750,400,50,400
617,750,400,50,400
618,750,400,50,400
619,750,400,50,400
620,750,400,50,400
621,750,400,50,400
622,750,400,50,400
623,750,400,50,400
624,750,400,50,400
625,750,400,50,400
626,750,400,50,400
627,750,400,50,400
628,750,400,50,400
629,750,400,50,400
630,750,400,50,400
631,750,400,50,400
632,750,400,50,400
633,750,400,50,400
634,750,400,50,400
635,750,400,50,400
636,750,400,50,400
637,750,400,50,400
638,750,400,50,400
639,750,400,50,400
640,750,400,50,400
641,750,400,50,400
642,750,400,50,400
643,750,400,50,400
644,750,400,50,400
645,750,400,50,400
646,750,400,50,400
647,750,400,50,400
648,750,400,50,400
649,750,400,50,400
650,750,400,50,400
651,750,400,50,400
652,750,400,50,400
653,750,400,50,400
654,750,400,50,400
655,750,400,50,400
656,750,400,50,400
657,750,400,50,400
658,750,400,50,400
659,750,400,50,400
660,750,400,50,400
661,750,400,50,400
662,750,400,50,400
663,750,400,50,400
664,750,400,50,400
665,750,400,50,400
666,750,400,50,400
667,750,400,50,400
668,750,400,50,400
669,750,400,50,400
670,750,400,50,400
671,750,400,50,400
672,750,400,50,400
673,750,400,50,400
674,750,400,50,400
675,750,400,50,400
676,750,400,50,400
677,750,400,50,400
678,750,400,50,400
679,750,400,50,400
680,750,400,50,400
681,750,400,50,400
682,750,400,50,400
683,750,400,50,400
684,750,400,50,400
685,750,400,50,400
686,750,400,50,400
687,750,400,50,400
688,750,400,50,400
689,750,400,50,400
690,750,400,50,400
691,750,400,50,400
692,750,400,50,400
693,750,400,50,400
694,750,400,50,400
695,750,400,50,400
696,750,400,50,400
697,750,400,50,400
698,750,400,50,400
699,750,400,50,400
700,750,400,50,400
701,750,400,50,400
702,750,400,50,400
703,750,400,50,400
704,750,400,50,400
705,750,400,50,400
706,750,400,50,400
707,750,400,50,400
708,750,400,50,400
709,750,400,50,400
710,750,400,50,400
711,750,400,50,400
712,750,400,50,400
713,750,400,50,400
714,750,400,50,400
715,750,400,50,400
716,750,400,50,400
717,750,400,50,400
718,750,400,50,400
719,750,400,50,400
720,750,400,50,400
721,750,400,50,400
722,750,400,50,400
723,750,400,50,400
724,750,400,50,400
725,750,400,50,400
726,750,400,50,400
727,750,400,50,400
728,750,400,50,400
729,750,400,50,400
730,750,400,50,400
731,750,400,50,400
732,750,400,50,400
733,750,400,50,400
734,750,400,50,400
735,750,400,50,400
736,750,400,50,400
737,750,400,50,400
738,750,400,50,400
739,750,400,50,400
740,750,400,50,400
741,750,400,50,400
742,750,400,50,400
743,750,400,50,400
744,750,400,50,400
745,750,400,50,400
746,750,400,50,400
747,750,400,50,400
748,750,400,50,400
749,750,400,50,400
750,50,750,750,50
751,50,750,750,50
752,50,750,750,50
753,50,750,750,50
754,50,750,750,50
755,50,750,750,50
756,50,750,750,50
757,50,750,750,50
758,50,750,750,50
759,50,750,750,50
760,50,750,750,50
761,50,750,750,50
762,50,750,750,50
763,50,750,750,50
764,50,750,750,50
765,50,750,750,50
766,50,750,750,50
767,50,750,750,50
768,50,750,750,50
769,50,750,750,50
770,50,750,750,50
771,50,750,750,50
772,50,750,750,50
773,50,750,750,50
774,50,750,750,50
775,50,750,750,50
776,50,750,750,50
777,50,750,750,50
778,50,750,750,50
779,50,750,750,50
780,50,750,750,50
781,50,750,750,50
782,50,750,750,50
783,50,750,750,50
784,50,750,750,50
785,50,750,750,50
786,50,750,750,50
787,50,750,750,50
788,50,750,750,50
789,50,750,750,50
790,50,750,750,50
791,50,750,750,50
792,50,750,750,50
793,50,750,750,50
794,50,750,750,50
795,50,750,750,50
796,50,750,750,50
797,50,750,750,50
798,50,750,750,50
799,50,750,750,50
800,50,750,750,50
801,50,750,750,50
802,50,750,750,50
803,50,750,750,50
804,50,750,750,50
805,50,750,750,50
806,50,750,750,50
807,50,750,750,50
808,50,750,750,50
809,50,750,750,50
810,50,750,750,50
811,50,750,750,50
812,50,750,750,50
813,50,750,750,50
814,50,750,750,50
815,50,750,750,50
816,50,750,750,50
817,50,750,750,50
818,50,750,750,50
819,50,750,750,50
820,50,750,750,50
821,50,750,750,50
822,50,750,750,50
823,50,750,750,50
824,50,750,750,50
825,50,750,750,50
826,50,750,750,50
827,50,750,750,50
828,50,750,750,50
829,50,750,750,50
830,50,750,750,50
831,50,750,750,50
832,50,750,750,50
833,50,750,750,50
834,50,750,750,50
835,50,750,750,50
836,50,750,750,50
837,50,750,750,50
838,50,750,750,50
839,50,750,750,50
840,50,750,750,50
841,50,750,750,50
842,50,750,750,50
843,50,750,750,50
844,50,750,750,50
845,50,750,750,50
846,50,750,750,50
847,50,750,750,50
848,50,750,750,50
849,50,750,750,50
850,50,750,750,50
851,50,750,750,50
852,50,750,750,50
853,50,750,750,50
854,50,750,750,50
855,50,750,750,50
856,50,750,750,50
857,50,750,750,50
858,50,750,750,50
859,50,750,750,50
860,50,750,750,50
861,50,750,750,50
862,50,750,750,50
863,50,750,750,50
864,50,750,750,50
865,50,750,750,50
866,50,750,750,50
867,50,750,750,50
868,50,750,750,50
869,50,750,750,50
870,50,750,750,50
871,50,750,750,50
872,50,750,750,50
873,50,750,750,50
874,50,750,750,50
875,50,750,750,50
876,50,750,750,50
877,50,750,750,50
878,50,750,750,50
879,50,750,750,50
880,50,750,750,50
881,50,750,750,50
882,50,750,750,50
883,50,750,750,50
884,50,750,750,50
885,50,750,750,50
886,50,750,750,50
887,50,750,750,50
888,50,750,750,50
889,50,750,750,50
890,50,750,750,50
891,50,750,750,50
892,50,750,750,50
893,50,750,750,50
894,50,750,750,50
895,50,750,750,50
896,50,750,750,50
897,50,750,750,50
898,50,750,750,50
899,50,750,750,50
900,50,750,750,50
901,50,750,750,50
902,50,750,750,50
903,50,750,750,50
904,50,750,750,50
905,50,750,750,50
906,50,750,750,50
907,50,750,750,50
908,50,750,750,50
909,50,750,750,50
910,50,750,750,50
911,50,750,750,50
912,50,750,750,50
913,50,750,750,50
914,50,750,750,50
915,50,750,750,50
916,50,750,750,50
917,50,750,750,50
918,50,750,750,50
919,50,750,750,50
920,50,750,750,50
921,50,750,750,50
922,50,750,750,50
923,50,750,750,50
924,50,750,750,50
925,50,750,750,50
926,50,750,750,50
927,50,750,750,50
928,50,750,750,50
929,50,750,750,50
930,50,750,750,50
931,50,750,750,50
932,50,750,750,50
933,50,750,750,50
934,50,750,750,50
935,50,750,750,50
936,50,750,750,50
937,50,750,750,50
938,50,750,750,50
939,50,750,750,50
940,50,750,750,50
941,50,750,750,50
942,50,750,750,50
943,50,750,750,50
944,50,750,750,50
945,50,750,750,50
946,50,750,750,50
947,50,750,750,50
948,50,750,750,50
949,50,750,750,50
950,50,750,750,50
951,50,750,750,50
952,50,750,750,50
953,50,750,750,50
954,50,750,750,50
955,50,750,750,50
956,50,750,750,50
957,50,750,750,50
958,50,750,750,50
959,50,750,750,50
960,50,750,750,50
961,50,750,750,50
962,50,750,750,50
963,50,750,750,50
964,50,750,750,50
965,50,750,750,50
966,50,750,750,50
967,50,750,750,50
968,50,750,750,50
969,50,750,750,50
970,50,750,750,50
971,50,750,750,50
972,50,750,750,50
973,50,750,750,50
974,50,750,750,50
975,50,750,750,50
976,50,750,750,50
977,50,750,750,50
978,50,750,750,50
979,50,750,750,50
980,50,750,750,50
981,50,750,750,50
982,50,750,750,50
983,50,750,750,50
984,50,750,750,50
985,50,750,750,50
986,50,750,750,50
987,50,750,750,50
988,50,750,750,50
989,50,750,750,50
990,50,750,750,50
991,50,750,750,50
992,50,750,750,50
993,50,750,750,50
994,50,750,750,50
995,50,750,750,50
996,50,750,750,50
997,50,750,750,50
998,50,750,750,50
999,50,750,750,50
1000,50,750,750,50
1001,50,750,750,50
1002,50,750,750,50
1003,50,750,750,50
1004,50,750,750,50
1005,50,750,750,50
1006,50,750,750,50
1007,50,750,750,50
1008,50,750,750,50
1009,50,750,750,50
1010,50,750,750,50
1011,50,750,750,50
1012,50,750,750,50
1013,50,750,750,50
1014,50,750,750,50
1015,50,750,750,50
1016,50,750,750,50
1017,50,750,750,50
1018,50,750,750,50
1019,50,750,750,50
1020,50,750,750,50
1021,50,750,750,50
1022,50,750,750,50
1023,50,750,750,50
1024,50,750,750,50
1025,50,750,750,50
1026,50,750,750,50
1027,50,750,750,50
1028,50,750,750,50
1029,50,750,750,50
1030,50,750,750,50
1031,50,750,750,50
1032,50,750,750,50
1033,50,750,750,50
1034,50,750,750,50
1035,50,750,750,50
1036,50,750,750,50
1037,50,750,750,50
1038,50,750,750,50
1039,50,750,750,50
1040,50,750,750,50
1041,50,750,750,50
1042,50,750,750,50
1043,50,750,750,50
1044,50,750,750,50
1045,50,750,750,50
1046,50,750,750,50
1047,50,750,750,50
1048,50,750,750,50
1049,50,750,750,50
1050,50,750,750,50
1051,50,750,750,50
1052,50,750,750,50
1053,50,750,750,50
1054,50,750,750,50
1055,50,750,750,50
1056,50,750,750,50
1057,50,750,750,50
1058,50,750,750,50
1059,50,750,750,50
1060,50,750,750,50
1061,50,750,750,50
1062,50,750,750,50
1063,50,750,750,50
1064,50,750,750,50
1065,50,750,750,50
1066,50,750,750,50
1067,50,750,750,50
1068,50,750,750,50
1069,50,750,750,50
1070,50,750,750,50
1071,50,750,750,50
1072,50,750,750,50
1073,50,750,750,50
1074,50,750,750,50
1075,50,750,750,50
1076,50,750,750,50
1077,50,750,750,50
1078,50,750,750,50
1079,50,750,750,50
1080,50,750,750,50
1081,50,750,750,50
1082,50,750,750,50
1083,50,750,750,50
1084,50,750,750,50
1085,50,750,750,50
1086,50,750,750,50
1087,50,750,750,50
1088,50,750,750,50
1089,50,750,750,50
1090,50,750,750,50
1091,50,750,750,50
1092,50,750,750,50
1093,50,750,750,50
1094,50,750,750,50
1095,50,750,750,50
1096,50,750,750,50
1097,50,750,750,50
1098,50,750,750,50
1099,50,750,750,50
1100,50,750,750,50
1101,50,750,750,50
1102,50,750,750,50
1103,50,750,750,50
1104,50,750,750,50
1105,50,750,750,50
1106,50,750,750,50
1107,50,750,750,50
1108,50,750,750,50
1109,50,750,750,50
1110,50,750,750,50
1111,50,750,750,50
1112,50,750,750,50
1113,50,750,750,50
1114,50,750,750,50
1115,50,750,750,50
1116,50,750,750,50
1117,50,750,750,50
1118,50,750,750,50
1119,50,750,750,50
1120,50,750,750,50
1121,50,750,750,50
1122,50,750,750,50
1123,50,750,750,50
1124,50,750,750,50
1125,750,750,50,50
1126,750,750,50,50
1127,750,750,50,50
1128,750,750,50,50
1129,750,750,50,50
1130,750,750,50,50
1131,750,750,50,50
1132,750,750,50,50
1133,750,750,50,50
1134,750,750,50,50
1135,750,750,50,50
1136,750,750,50,50
1137,750,750,50,50
1138,750,750,50,50
1139,750,750,50,50
1140,750,750,50,50
1141,750,750,50,50
1142,750,750,50,50
1143,750,750,50,50
1144,750,750,50,50
1145,750,750,50,50
1146,750,750,50,50
1147,750,750,50,50
1148,750,750,50,50
1149,750,750,50,50
1150,750,750,50,50
1151,750,750,50,50
1152,750,750,50,50
1153,750,750,50,50
1154,750,750,50,50
1155,750,750,50,50
1156,750,750,50,50
1157,750,750,50,50
1158,750,750,50,50
1159,750,750,50,50
1160,750,750,50,50
1161,750,750,50,50
1162,750,750,50,50
1163,750,750,50,50
1164,750,750,50,50
1165,750,750,50,50
1166,750,750,50,50
1167,750,750,50,50
1168,750,750,50,50
1169,750,750,50,50
1170,750,750,50,50
1171,750,750,50,50
1172,750,750,50,50
1173,750,750,50,50
1174,750,750,50,50
1175,750,750,50,50
1176,750,750,50,50
1177,750,750,50,50
1178,750,750,50,50
1179,750,750,50,50
1180,750,750,50,50
1181,750,750,50,50
1182,750,750,50,50
1183,750,750,50,50
1184,750,750,50,50
1185,750,750,50,50
1186,750,750,50,50
1187,750,750,50,50
1188,750,750,50,50
1189,750,750,50,50
1190,750,750,50,50
1191,750,750,50,50
1192,750,750,50,50
1193,750,750,50,50
1194,750,750,50,50
1195,750,750,50,50
1196,750,750,50,50
1197,750,750,50,50
1198,750,750,50,50
1199,750,750,50,50
1200,750,750,50,50
1201,750,750,50,50
1202,750,750,50,50
1203,750,750,50,50
1204,750,750,50,50
1205,750,750,50,50
1206,750,750,50,50
1207,750,750,50,50
1208,750,750,50,50
1209,750,750,50,50
1210,750,750,50,50
1211,750,750,50,50
1212,750,750,50,50
1213,750,750,50,50
1214,750,750,50,50
1215,750,750,50,50
1216,750,750,50,50
1217,750,750,50,50
1218,750,750,50,50
1219,750,750,50,50
1220,750,750,50,50
1221,750,750,50,50
1222,750,750,50,50
1223,750,750,50,50
1224,750,750,50,50
1225,750,750,50,50
1226,750,750,50,50
1227,750,750,50,50
1228,750,750,50,50
1229,750,750,50,50
1230,750,750,50,50
1231,750,750,50,50
1232,750,750,50,50
1233,750,750,50,50
1234,750,750,50,50
1235,750,750,50,50
1236,750,750,50,50
1237,750,750,50,50
1238,750,750,50,50
1239,750,750,50,50
1240,750,750,50,50
1241,750,750,50,50
1242,750,750,50,50
1243,750,750,50,50
1244,750,750,50,50
1245,750,750,50,50
1246,750,750,50,50
1247,750,750,50,50
1248,750,750,50,50
1249,750,750,50,50
1250,750,750,50,50
1251,750,750,50,50
1252,750,750,50,50
1253,750,750,50,50
1254,750,750,50,50
1255,750,750,50,50
1256,750,750,50,50
1257,750,750,50,50
1258,750,750,50,50
1259,750,750,50,50
1260,750,750,50,50
1261,750,750,50,50
1262,750,750,50,50
1263,750,750,50,50
1264,750,750,50,50
1265,750,750,50,50
1266,750,750,50,50
1267,750,750,50,50
1268,750,750,50,50
1269,750,750,50,50
1270,750,750,50,50
1271,750,750,50,50
1272,750,750,50,50
1273,750,750,50,50
1274,750,750,50,50
1275,750,750,50,50
1276,750,750,50,50
1277,750,750,50,50
1278,750,750,50,50
1279,750,750,50,50
1280,750,750,50,50
1281,750,750,50,50
1282,750,750,50,50
1283,750,750,50,50
1284,750,750,50,50
1285,750,750,50,50
1286,750,750,50,50
1287,750,750,50,50
1288,750,750,50,50
1289,750,750,50,50
1290,750,750,50,50
1291,750,750,50,50
1292,750,750,50,50
1293,750,750,50,50
1294,750,750,50,50
1295,750,750,50,50
1296,750,750,50,50
1297,750,750,50,50
1298,750,750,50,50
1299,750,750,50,50
1300,750,750,50,50
1301,750,750,50,50
1302,750,750,50,50
1303,750,750,50,50
1304,750,750,50,50
1305,750,750,50,50
1306,750,750,50,50
1307,750,750,50,50
1308,750,750,50,50
1309,750,750,50,50
1310,750,750,50,50
1311,750,750,50,50
1312,750,750,50,50
1313,750,750,50,50
1314,750,750,50,50
1315,750,750,50,50
1316,750,750,50,50
1317,750,750,50,50
1318,750,750,50,50
1319,750,750,50,50
1320,750,750,50,50
1321,750,750,50,50
1322,750,750,50,50
1323,750,750,50,50
1324,750,750,50,50
1325,750,750,50,50
1326,750,750,50,50
1327,750,750,50,50
1328,750,750,50,50
1329,750,750,50,50
1330,750,750,50,50
1331,750,750,50,50
1332,750,750,50,50
1333,750,750,50,50
1334,750,750,50,50
1335,750,750,50,50
1336,750,750,50,50
1337,750,750,50,50
1338,750,750,50,50
1339,750,750,50,50
1340,750,750,50,50
1341,750,750,50,50
1342,750,750,50,50
1343,750,750,50,50
1344,750,750,50,50
1345,750,750,50,50
1346,750,750,50,50
1347,750,750,50,50
1348,750,750,50,50
1349,750,750,50,50
1350,750,750,50,50
1351,750,750,50,50
1352,750,750,50,50
1353,750,750,50,50
1354,750,750,50,50
1355,750,750,50,50
1356,750,750,50,50
1357,750,750,50,50
1358,750,750,50,50
1359,750,750,50,50
1360,750,750,50,50
1361,750,750,50,50
1362,750,750,50,50
1363,750,750,50,50
1364,750,750,50,50
1365,750,750,50,50
1366,750,750,50,50
1367,750,750,50,50
1368,750,750,50,50
1369,750,750,50,50
1370,750,750,50,50
1371,750,750,50,50
1372,750,750,50,50
1373,750,750,50,50
1374,750,750,50,50
1375,750,750,50,50
1376,750,750,50,50
1377,750,750,50,50
1378,750,750,50,50
1379,750,750,50,50
1380,750,750,50,50
1381,750,750,50,50
1382,750,750,50,50
1383,750,750,50,50
1384,750,750,50,50
1385,750,750,50,50
1386,750,750,50,50
1387,750,750,50,50
1388,750,750,50,50
1389,750,750,50,50
1390,750,750,50,50
1391,750,750,50,50
1392,750,750,50,50
1393,750,750,50,50
1394,750,750,50,50
1395,750,750,50,50
1396,750,750,50,50
1397,750,750,50,50
1398,750,750,50,50
1399,750,750,50,50
1400,750,750,50,50
1401,750,750,50,50
1402,750,750,50,50
1403,750,750,50,50
1404,750,750,50,50
1405,750,750,50,50
1406,750,750,50,50
1407,750,750,50,50
1408,750,750,50,50
1409,750,750,50,50
1410,750,750,50,50
1411,750,750,50,50
1412,750,750,50,50
1413,750,750,50,50
1414,750,750,50,50
1415,750,750,50,50
1416,750,750,50,50
1417,750,750,50,50
1418,750,750,50,50
1419,750,750,50,50
1420,750,750,50,50
1421,750,750,50,50
1422,750,750,50,50
1423,750,750,50,50
1424,750,750,50,50
1425,750,750,50,50
1426,750,750,50,50
1427,750,750,50,50
1428,750,750,50,50
1429,750,750,50,50
1430,750,750,50,50
1431,750,750,50,50
1432,750,750,50,50
1433,750,750,50,50
1434,750,750,50,50
1435,750,750,50,50
1436,750,750,50,50
1437,750,750,50,50
1438,750,750,50,50
1439,750,750,50,50
1440,750,750,50,50
1441,750,750,50,50
1442,750,750,50,50
1443,750,750,50,50
1444,750,750,50,50
1445,750,750,50,50
1446,750,750,50,50
1447,750,750,50,50
1448,750,750,50,50
1449,750,750,50,50
1450,750,750,50,50
1451,750,750,50,50
1452,750,750,50,50
1453,750,750,50,50
1454,750,750,50,50
1455,750,750,50,50
1456,750,750,50,50
1457,750,750,50,50
1458,750,750,50,50
1459,750,750,50,50
1460,750,750,50,50
1461,750,750,50,50
1462,750,750,50,50
1463,750,750,50,50
1464,750,750,50,50
1465,750,750,50,50
1466,750,750,50,50
1467,750,750,50,50
1468,750,750,50,50
1469,750,750,50,50
1470,750,750,50,50
1471,750,750,50,50
1472,750,750,50,50
1473,750,750,50,50
1474,750,750,50,50
1475,750,750,50,50
1476,750,750,50,50
1477,750,750,50,50
1478,750,750,50,50
1479,750,750,50,50
1480,750,750,50,50
1481,750,750,50,50
1482,750,750,50,50
1483,750,750,50,50
1484,750,750,50,50
1485,750,750,50,50
1486,750,750,50,50
1487,750,750,50,50
1488,750,750,50,50
1489,750,750,50,50
1490,750,750,50,50
1491,750,750,50,50
1492,750,750,50,50
1493,750,750,50,50
1494,750,750,50,50
1495,750,750,50,50
1496,750,750,50,50
1497,750,750,50,50
1498,750,750,50,50
1499,750,750,50,50
